id;titulo;descripcion;localizacion;fecha
1;Papelería Metal Algodón;Refinado Uruguayo;Madrid;2021-10-14T15:03:30
2;AI Algodón Aplicaciones;input;Marca Pequeño;2021-10-15T10:56:23
3;architect Dinamarca;Avon bypass Inversor;Creativo;2021-10-15T10:30:39
4;CineX;Murcia;Director transform RAM;2021-10-15T05:07:59
5;deposit open-source;Seguridada Bricolaje;Blanco grupo;2021-10-14T22:56:43
6;Sorprendente overriding;empower Deportes;extend;2021-10-14T23:00:50
7;explícita Congolese funcionalidad;SQLXX;withdrawal Bicicleta previsión;2021-10-14T14:06:14
8;Cambridgeshire;Exclusivo;parse navigate Silla;2021-10-15T05:22:13
9;action-items Intranet;XSS index;Soluciones Guinea AGP;2021-10-14T11:59:10
10;Virtual;Toallas transmit;Rojo Bicicleta;2021-10-15T08:16:12
